벅스,bugs,0
버드,bird,0
아린,arin,0
스벤,sven,0
우너,wooner,0
솔트,salt,0
벅스,bugs,0
버드,bird,0
아린,arin,0
스벤,sven,0
우너,wooner,0
솔트,salt,0
벅스,bugs,0
버드,bird,0
아린,arin,0
스벤,sven,0
우너,wooner,0
솔트,salt,0
벅스,bugs,0
버드,bird,0
아린,arin,0
스벤,sven,0
우너,wooner,0
솔트,salt,0
벅스,bugs,0
버드,bird,0
아린,arin,0
스벤,sven,0
우너,wooner,0
솔트,salt,0
벅스,bugs,0
버드,bird,0
아린,arin,0
스벤,sven,0
우너,wooner,0
솔트,salt,0
벅스,bugs,0
버드,bird,0
아린,arin,0
스벤,sven,0
우너,wooner,0
솔트,salt,0
벅스,bugs,0
버드,bird,0
아린,arin,0
스벤,sven,0
우너,wooner,0
솔트,salt,0
벅스,bugs,0
버드,bird,0
아린,arin,0
스벤,sven,0
우너,wooner,0
솔트,salt,0
벅스,bugs,0
버드,bird,0
아린,arin,0
스벤,sven,0
우너,wooner,0
솔트,salt,0
벅스,bugs,0
버드,bird,0
아린,arin,0
스벤,sven,0
우너,wooner,0
솔트,salt,0
벅스,bugs,0
버드,bird,0
아린,arin,0
스벤,sven,0
우너,wooner,0
솔트,salt,0
벅스,bugs,0
버드,bird,0
아린,arin,0
스벤,sven,0
우너,wooner,0
솔트,salt,0
벅스,bugs,0
버드,bird,0
아린,arin,0
스벤,sven,0
우너,wooner,0
솔트,salt,0
벅스,bugs,0
버드,bird,0
아린,arin,0
스벤,sven,0
우너,wooner,0
솔트,salt,0
벅스,bugs,0
버드,bird,0
아린,arin,0
스벤,sven,0
우너,wooner,0
솔트,salt,0
벅스,bugs,0
버드,bird,0
아린,arin,0
스벤,sven,0
우너,wooner,0
솔트,salt,0
벅스,bugs,0
버드,bird,0
아린,arin,0
스벤,sven,0
우너,wooner,0
솔트,salt,0
벅스,bugs,0
버드,bird,0
아린,arin,0
스벤,sven,0
우너,wooner,0
솔트,salt,0
벅스,bugs,0
버드,bird,0
아린,arin,0
스벤,sven,0
우너,wooner,0
솔트,salt,0
벅스,bugs,0
버드,bird,0
아린,arin,0
스벤,sven,0
우너,wooner,0
솔트,salt,0
벅스,bugs,0
버드,bird,0
아린,arin,0
스벤,sven,0
우너,wooner,0
솔트,salt,0
벅스,bugs,0
버드,bird,0
아린,arin,0
스벤,sven,0
우너,wooner,0
솔트,salt,0
벅스,bugs,0
버드,bird,0
아린,arin,0
스벤,sven,0
우너,wooner,0
솔트,salt,0
벅스,bugs,0
버드,bird,0
아린,arin,0
스벤,sven,0
우너,wooner,0
솔트,salt,0
벅스,bugs,0
버드,bird,0
아린,arin,0
스벤,sven,0
우너,wooner,0
솔트,salt,0
벅스,bugs,0
버드,bird,0
아린,arin,0
스벤,sven,0
우너,wooner,0
솔트,salt,0
벅스,bugs,0
버드,bird,0
아린,arin,0
스벤,sven,0
우너,wooner,0
솔트,salt,0
벅스,bugs,0
버드,bird,0
아린,arin,0
스벤,sven,0
우너,wooner,0
솔트,salt,0
벅스,bugs,0
버드,bird,0
아린,arin,0
스벤,sven,0
우너,wooner,0
솔트,salt,0
벅스,bugs,0
버드,bird,0
아린,arin,0
스벤,sven,0
우너,wooner,0
솔트,salt,0
벅스,bugs,0
버드,bird,0
아린,arin,0
스벤,sven,0
우너,wooner,0
솔트,salt,0
벅스,bugs,0
버드,bird,0
아린,arin,0
스벤,sven,0
우너,wooner,0
솔트,salt,0
벅스,bugs,0
버드,bird,0
아린,arin,0
스벤,sven,0
우너,wooner,0
솔트,salt,0
벅스,bugs,0
버드,bird,0
아린,arin,0
스벤,sven,0
우너,wooner,0
솔트,salt,0